headline,label
Analysis | Which Senate seats are most likely to flip in November?,0
Lysol Maker Warns Against Injecting Disinfectant After Trump Suggests It’s COVID Cure,0
Top health official says he was ousted for pushing back on Trump's 'game changer' drug,1
Biden Leads Trump in Key States. But Hillary Clinton Led by More.,0
Rep. Connolly: Select pandemic committee not ‘a substitute for regular oversight’,0
"U.S. Congress girds for partisan fight on coronavirus aid for cities, states",-1
Trump's poor poll numbers trigger GOP alarms over November,-1
"Warren, Levin roll out plan for coronavirus 'containment corps'",0
A fake Joe Biden ad is being amplified on Twitter by Trump campaign staffers,-1
"Task force members sent Birx to convince Trump to denounce Kemp's Georgia reopening decision, source says",0
The Stimulus Excludes Some Tax Payers Who Filed Taxes With An Immigrant.,0
Cuomo lays into 'self-proclaimed grim reaper' McConnell over states going bankrupt: 'This is one of the really dumb ideas of all time',-1
Homophobic governor spends coronavirus lockdown celebrating a ban on abortions with an anti-LGBT+ group,0
The Coronavirus Bailout Should Not Be A License To Steal,-1
Trump Spent Years Undermining Global Charities Now Crucial To Fighting Coronavirus,-1
White House says media took Trump remarks on coronavirus treatments 'out of context',0
College student borrowers find hope in loan forgiveness lawsuit,1
"U.S. jobless claims reach 26 million since coronavirus hit, wiping out all gains since 2008 recession",0
The Makers of Lysol Had To Issue A Warning Against Drinking Bleach After Trump Said it Might Cure Coronavirus,-1
UAW president: 'It's risky' to send factory workers back to auto plants in early May,-1
New HHS Spokesman Has Deleted Racist Tweets Published As The Coronavirus Spread,-1
Are We Becoming Eastern Europe Circa 1980?,0
Trump’s Personnel Director Questioned Constitutionality of Law Requiring Gov’t Employees to Be Picked Based on Merit,1
"‘A reckless choice’: Black, progressive activists warn Biden against picking Klobuchar as VP",-1
Donald Trump says disinfectants and sunlight could be used as coronavirus treatments,0
"Georgia forges ahead with reopening despite disapproval of Trump, pandemic experts",0
Trump floats using UV light or disinfectant injections to treat COVID-19 patients,1
"Trump says he doesn't agree with Fauci that U.S. is ""not there yet"" on testing",-1
Michelle Wolf: The Media Is Hopelessly Addicted to Trump,-1
Ocasio-Cortez says she will vote for Biden in November,0
Anti malaria drugs touted by Trump trigger FDA warning over heart risks,-1
"For a top Pentagon post, Trump chooses a Fox firebrand who is anti-Muslim, anti-China — and pro-Trump",1
Congress Desperately Needs to Call Out Trump’s Authoritarianism,-1
Tara Reade’s Biden allegation fractures #MeToo movement,0
"Trump suggests using light, heat as coronavirus treatment",0
President Trump’s immigration suspension has nothing to do with coronavirus | Restrictionists have long sought to cut U.S. immigration — to zero.,-1
'Don't talk to me': Trump claims CNN made up report that Kim Jong-un is ill in angry outburst at female reporter,-1
Trump Thinks His Job Is Brainstorming Miracle Coronavirus Cures,1
McConnell to Every State: Drop Dead,-1
"Mitch McConnell's Calculated Decision To Become Trump's 'Enabler-in Chief,' Explained",0
An Honest Trump 2020 Slogan: 'I Dithered While They Died',0
"Bernie Sanders says pandemic made clear the ""irrationality of the current system""",0
Doctor says he was removed from federal post after questioning coronavirus treatment embraced by President Trump,0
Acting Homeland Security chief suggests additional immigration measures could be coming,1
How Would You Like to Live in the Nation of New England?,1
Virus researchers cast doubt on theory of coronavirus lab accident,-1
"Trump finds limits of distraction, demonization and denial",-1
"McConnell Says States Should Consider Bankruptcy, Rebuffing Calls for Aid",0
Trump asked if disinfectants could be injected to kill coronavirus inside the body. Doctors answered: ‘People will die.’,-1
"Under Trump, coronavirus scientists can speak — as long as they toe the line",0
"A leading disinfectant company urged people not to inject themselves with its products, hours after Trump said it might kill the coronavirus inside the human body",-1
Fox News Asks Judge Not to Force Journalist to Sit for Deposition on Retracted Seth Rich Story,1
South Dakota Governor Kristi Noem’s COVID-19 Inaction Has Made Her a Right-Wing Hero,1
"With Only 6 Members Participating, Senate Passed $483-Billion Spending Bill by ‘Unanimous Consent’",0
There's More To Know About The Video Of A Mother Arrested On A Playground For Violating Stay-At-Home Orders,-1
Millions of Americans join unemployed ranks as coronavirus ravages economy,1
Merchants of death: Multibillion-dollar bailout for arms industry amid rising COVID-19 toll,-1
The Trumpian Truth Trap,0
Trump's new campaign app gamifies voter outreach,1
Dr. Anthony Fauci 'Not Overly Confident' With U.S. COVID-19 Testing Capabilities,-1
Barack Obama Takes A Not-So-Subtle Swipe At Donald Trump’s Coronavirus Response; Obama highlighted the lack of a “coherent national plan” to tackle the pandemic in a thinly-veiled dig at Trump.,-1
"Touting Virus Cure, ‘Simple Country Doctor’ Becomes a Right-Wing Star",0
"Q&A With a Trump Economic Adviser | We spoke to Stephen Moore, a member of President Trump’s economic task force, about the risks of reopening, what he’s advising the president and his predictions of a coming “economic civil war.”",-1
Chamath Palihapitiya: We’ve ‘ripped the philosophical band-aid off’ on universal basic income,0
Donald Trump just threw Georgia's governor directly under the bus on coronavirus,0
Poll signals strengthening support for Biden over Trump in three Midwest battleground states,1
Coronavirus shakes the conceit of ‘American exceptionalism’,0
New York City’s top health official says city’s confirmed coronavirus cases are ‘tip of the iceberg’,1
Indiana bans holding cellphone while driving starting July 1,0
"1 in 5 New Yorkers May Have Had Covid-19, Antibody Tests Suggest",0
Why the CDC director wasn't misquoted on coronavirus -- no matter what the White House says,-1
"Kentucky lawyer arrested for allegedly threatening governor over lockdown | Attorney James Gregory Troutman allegedly said on Facebook that he hopes Gov. Andy Beshear would see the same fate as a former governor, William Goebel, who was assassinated in 1900.",-1
Krystal and Saagar: Joe Rogan's hysterical takedown of Joe Biden,0
Trump remarks on injecting disinfectants draw blowback from doctors,0
Lysol manufacturer warns against internal use after Trump comments,0
"Kayleigh McEnany: Dems 'slow-walked' COVID response, Trump was 'laser focused'",1
South Dakota governor bemoans Congress' restrictions on coronavirus relief,1
"USPS and coronavirus: A no-brainer stimulus idea is to electrify mail trucks - Electric vehicles for the US Postal Service would reduce noise, air, and carbon pollution in every community.",0
Missouri Gov. Parson says almost all businesses will be allowed to open on May 4,0
Trump says coronavirus 'may not come back at all',0
"Coronavirus at meat packing plants worse than first thought, USA TODAY investigation finds",-1
N.J. Gov. Murphy shreds Sen. McConnell for ‘utterly irresponsible’ call for states to go bankrupt over coronavirus costs,-1
Supreme Court hands environmentalists a win in water pollution case,1
Joe Biden campaign refunds donation from comedian Louis CK,1
U.S. judge blocks California law that required background checks to buy ammunition,-1
Officials probe the threat of a coronavirus bioweapon,-1
Republicans block proposed increase in food assistance in coronavirus aid package,0
House Delivers Nearly $500B More in Virus Aid,0
Mitch McConnell to states: Drop dead,-1
"In an era of political polarization, Americans are united behind coronavirus stay-at-home orders, polling shows",1
Rallies and dodgeball won’t solve Idaho’s real problem of getting back to work,-1
Pelosi Statement on the Beginning of Ramadan,0
Deaf Americans are urging the White House to use sign language interpreters at coronavirus briefings,0
AP-NORC poll: Few Americans trust Trump's info on pandemic,1
"Clay Higgins denounces 'government oppressors,' calls for May 1 reopening in Facebook rant",-1
Trump Suggested Experts Find A Way To Inject Light Or Disinfectants Into Human Bodies To Kill The Coronavirus,-1
"With More Than 10,000 Coronavirus Deaths, Nursing Homes Plead For More Testing",0
Joe Biden drops some hints about veepstakes — jokes about adding Julia Louis-Dreyfus to short list,1
U.S. judge blocks California law requiring background checks to purchase ammunition.,-1
Discussion Thread: White House Coronavirus Task Force Briefing – 04/23/2020 | Live - 5:30pm EDT,0
"The US may ‘never return’ to the WHO, suggests Mike Pompeo| ‘This is not the first time we have had to deal with the shortcomings of this organisation’",0
Poll Finds Elizabeth Warren VP Pick Most Likely To Pull In Bernie Sanders Voters,0
"Coronavirus: Stories of unemployment, fear and hope in the US",-1
"Poll of Latinos finds that right now, only about half would vote for Biden",0
Democrats’ Big Coronavirus Idea Is to Subsidize Health Insurers,0
Biden campaign's outside economic advisers include Larry Summers,0
The danger of doing what you think Trump wants,-1
"House Passes Coronavirus Release, Nancy Pelosi Held Small Businesses as Leverage for Weeks",0
Complete disbelief’: Governors blindside front-line staff with abrupt reopening plans,0
Opinion | ‘Stable genius’ or dangerous ignoramus?,-1
Trump suggests 'injection' of disinfectant to beat coronavirus and 'clean' the lungs,0
‘Injecting disinfectant into your body will kill you’: Doctors hit back at Trump’s latest idea to beat coronavirus,-1
Krystal and Saagar: Trump gains among non-white voters shows Epic failure of Democratic party,1
Coronavirus stimulus checks: Americans vent frustrations about problems receiving the money,-1
"America, please don’t put bleach inside yourself like the president says",1
"A Conservative Journalist Admitted To Taking $100,000 From A Financier Connected To A Controversial Chinese Billionaire",0
GOP Rep. Pete King Shreds ‘Marie Antionette’ Mitch McConnell’s Bankruptcy Plan,0
Trump: I 'disagree strongly' with Georgia governor's decision to start reopening economy,0
"New $484B Relief Bill Lacks Funds for Food Aid, Rent Relief, US Postal Service, Election Protection",1
"Congress Sets Up Another Mad Dash For Small Business Cash Business groups are pleading for changes to the Paycheck Protection Program, which has come under mounting criticism for giving money to big companies",-1
Top Vaccine Official Says He Was Demoted For Resisting Unproven Drug Pushed By Trump,1
Shalala: 'I take full responsibility' for failure to disclose stock sales,-1
New Yahoo News/YouGov poll shows Trump voters worry less about coronavirus — and take fewer precautions — than Clinton voters,-1
"Bernie Sanders Says the Struggle Must Continue Through 2020 Election and Coronavirus Relief — Sanders talked 2020, coronavirus, and hope for the future with Teen Vogue.",1
These Are The People Who Will Be Affected By Trump's New Immigration Ban,-1
Georgia lawmakers discuss a June 11 date to resume legislative session,0
Trump ally Michael Caputo tweeted Chinese people ‘suck the blood out of rabid bats’,0
Trump Vows Oil Rescue That He’s Been Powerless to Deliver,0
4.4 million more people filed for weekly unemployment claims,-1
"Home Alone at the White House: A Sour President, With TV His Constant Companion",-1
McConnell: Let’s Use COVID-19 to Crush Public Sector Unions,0
Leaked Data From a Key Remdesivir Study Suggest the Potential Coronavirus Drug Is Not Effective,-1
Cuomo slams McConnell: States declaring bankruptcy is 'one of the really dumb ideas of all time',-1
Head of vaccine development alleges 'cronyism' after being removed from post,0
Trump Reportedly Wants Out Of The White House And Everyone’s Making The Same Jokes,1
Georgia Democrat retracts resignation: 'I will not allow the Democrats to bully me into submission',-1
Take Care of Yourself and Your Family. Do Not Listen to the President.,1
Lysol warns against injecting disinfectant after Trump speculates on coronavirus cure,0
The 'Open America' Protests Are a Classic Example of the Power of White Privilege,0
Ocasio-Cortez Only House Democrat To Vote Against Funding To Help Americans,1
Here are the states already paying the extra $600 in additional unemployment benefits,0
Americans Are Largely Unimpressed With Trump’s Handling Of The Coronavirus Pandemic,-1
Trump uses coronoavirus crisis to push other policy priorities,-1
"Nadler, Lofgren accuse Trump of using immigration ban to distract from handling of coronavirus crisis",-1
Trump calls on Harvard University to return $8.6 million coronavirus relief funding,1
America Can Afford a World-Class Health System. Why Don’t We Have One?,0
Las Vegas Mayor’s Interview With Anderson Cooper Was A Spectacular Train Wreck,-1
The Point: Why Donald Trump can't just move the November election,0
"Americans Trust Fauci, Governors Over Trump on Coronavirus, Polls Show",1
Ivanka Trump slams Biden for saying only Fauci should speak about coronavirus,0
Fauci: US needs to 'significantly ramp up' testing,0
US vaccine expert says he was forced out of position for resisting hydroxychloroquine hype,-1
House gives final passage to $484 billion coronavirus relief bill,1
At least 840 sailors on USS Roosevelt test positive for coronavirus,1
"The Pro-Wrestling Presidency Keeps Working the Marks; In Florida, professional wrestlers are now essential workers. Go figure.",0
Millions of workers who applied for jobless benefits due to coronavirus still not getting money,1
Trump’s Potemkin Presidency Keeps Making the Pandemic Worse,-1
“You’re Just Screwed”: Why Black-Owned Businesses Are Struggling to Get Coronavirus Relief Loans — An ugly history of inequality is compounding the economic crisis.,-1
Federal Appeals Court Okays Arkansas' Abortion Ban During Coronavirus Pandemic,0
Gianforte adds another $500K to campaign kitty,0
"Trump mum on hydroxychloroquine as early trials falter, but sick Americans still taking 'desperate measures' to fill prescriptions",-1
"Political influence skews Trump's coronavirus response — The president and his aides have consolidated power amid the coronavirus crisis, picking winners and losers based in part on personal relationships and partisan loyalty.",-1
The Democrats’ COBRA Proposal Is an Insurance Industry Bailout,0
Mitch McConnell hints he could block the next stimulus package | He’s increasingly voicing concerns about how more spending could add to the national debt.,-1
Congress isn't going to overhaul the small business loan program to block publicly traded companies from getting loans,-1
"Sanders Could Lose A Third Of His Delegates, Making For A Messy Convention",-1
Welcome to Donald Trump’s reelection strategy,1
"Trump ties coronavirus outbreak to Democratic state leadership, potentially jeopardizing federal aid",0
Poll: 62 percent of 18-34-year-olds support Sanders' endorsement of Biden,1
Why Are They So Mad at Bernie Supporters? Democratic Party liberals got what they wanted in a Joe Biden nomination for president — and yet they’ve never been more contemptuous of Bernie Sanders supporters.,1
Federal official ousted after coronavirus treatment clash has long history of working on vaccine preparedness,0
"Brothers Who Hoarded 17,700 Hand Sanitizer Bottles Avoid Fine After Donating Supplies",1
AOC hits back in coronavirus Twitter spat with ex-W.H. press secretary Sarah Huckabee Sanders,0
Your Survival Of COVID-19 May Depend On How Much Your Governor Fears Trump,-1
Social Security and Medicare funds were already at risk. The virus crisis will deplete them faster.,-1
Coronavirus Lockdown: New York Comedian Takes on Mortgage Lenders and Politicians,1
"HHS Chief Alex Azar Had Aide, Former Dog Breeder, Steer Pandemic Task Force",0
"U.S. says will not take part in WHO global drugs, vaccine initiative launch",0
'One of the really dumb ideas of all time': Cuomo mocks top Republican for saying states should go bankrupt: Governor also refers to Senator McConnell's suggestion as short-sighted and irresponsible,-1
Majority of lawmakers in 116th Congress are millionaires,0
HHS official plans to file whistleblower complaint over coronavirus drug pressure related to Trump and ouster,-1
"The Koch network, avatar of the tea party, rejects shutdown protests",-1
Melissa DeRosa from Cuomo task force has got a future. She's a boss.,0
Federal judge blocks California's ammunition purchase law,-1
"Sunlight and bleach might kill the coronavirus on a park bench, but they can be harmful to the body",-1
AOC declares she will be voting for Biden in November.,0
February 7: A Day That Will Live in Infamy,0
California Gov. Newsom finds new friend in Washington: Trump,1
Biden campaign says it has refunded donation from Louis C.K.,0
White House issues revised transcript to show Birx said sunlight not a treatment for coronavirus,0
"Biden fares almost as well with young voters as Sanders in matchup vs. Trump, poll finds",1
There’s No Such Thing as Good Liberal Hegemony,0
"With lobbying push, gyms get on Phase One of Trump's reopening plan",0
Trump reportedly comes into work as late as noon after a morning of 'rage viewing' TV,-1
"Trump threatened to fire top CDC doctor for sounding pandemic alarm in February, reports say",-1
Appeals court finds Constitutional right to literacy for schoolchildren in Detroit case,0
"Elizabeth Warren says her oldest brother has died from coronavirus, thanks health care workers for taking care of him",1
The U.S. Is Flying Surveillance Planes Over North Korea to Find Out What Happened to Kim Jong Un,0
What Mitch McConnell Really Meant When He Said He’s Going to Screw Over the States,0
CDC chief contradicts Trump on misquoting charge over virus rebound,-1
The Health 202: States are ending their coronavirus lockdowns earlier than health roadmaps recommend,1
Trump escalates WHO fight by redirecting funds to other groups,-1
How to Make America 2.0 a More Equitable Society,0
Iran reportedly launches first military satellite as Trump makes threats,-1
"'This Is Unbelievable': Citing Need for GOP Input, Pelosi Yanks Remote Voting Rule at Last Minute",0
"Biden leads Trump in Florida, Michigan, Pennsylvania and Wisconsin, according to recent polls",0
Majority of Florida voters think Trump administration responded too slowly to coronavirus: Poll,0
‘Jaw-Dropping’: Trump Slammed for Touting Dangerous New Virus Treatments After Favored Drug is Discredited,-1
Michigan Creates Task Force to Investigate Coronavirus Impact on Black Communities,1
Trump Ponders Whether Light Or Disinfectant Injections Can ‘Cure’ Coronavirus,0
House passes $484 billion interim coronavirus relief bill,1
Obama Takes a Dig at Trump’s Lack of a “Coherent National Plan” as COVID Deaths Rise,-1
Voting machine manufacturers pushed to provide ways to sanitize products,0
"Obama: U.S. still waiting for a ""coherent national plan"" on coronavirus",0
"Not This Time: Watch Out for Wall Street in a Pandemic | Back during the Great Recession, we bailed out Wall Street. This time, we need to make sure the bailout is for the rest of us.",1
Trump: 'I disagree very strongly' with Georgia governor's decision to start reopening economy,0
Poll: 60 percent of Americans think Trump should listen more to health experts,0
Federal Doctor Says He Was Removed For Resisting Unproven Coronavirus Treatments,0
Undocumented workers denied stimulus funds are protesting across the nation — The stimulus isn't being equitably distributed.,-1
Biden Is to 2020 as Trump Was to 2016,0
Mitch McConnell would rather let states declare bankruptcy than receive more federal aid,0
"U.S. warship sails through Taiwan Strait, second time in a month",0
Trump Criticizes Georgia Governor for Decision to Reopen State,-1
A New Age of Destructive Austerity After the Coronavirus,-1
DHS warns of increase in coronavirus-inspired violence,-1
"Researchers Cut Chloroquine Study Short, Citing ‘Primary Outcome’ of Death",-1
Luxury Hotelier Who Backed Trump Wins Big in Small-Business Aid A Dallas hotel executive and major donor to President Donald Trump has emerged as the biggest winner from the coronavirus bailout for small businesses. A combined total of $59 million from the small business lending package,1
"Trump Spreads Coronavirus Misinformation As U.S. Death Toll Tops 46,000 ...",-1
"Trump Lies, Science Doesn't. So Scientists Aren’t Faring Well With This Administration",0
House approves $484 billion coronavirus relief package as unemployment soars,1
Native Americans being left out of US coronavirus data and labelled as 'other',0
“Really Want to Flood NY and NJ”: Internal Documents Reveal Team Trump’s Chloroquine Master Plan,0
'We're getting flat out hammered right now.' UPS employees on working during the pandemic,0
"McConnell taps brakes on next round of coronavirus aid as state, local governments plead for help",1
Tara Reade says Joe Biden sexually assaulted her. She deserves to be heard,-1
Proclamation Suspending Entry of Immigrants Who Present Risk to the U.S. Labor Market During the Economic Recovery Following the COVID-19 Outbreak | The White House,-1
How America’s Urban-Rural Divide Has Shaped the Pandemic,0
"Voters in swing states trust governors over Trump on reopening economy, poll find",1
"Las Vegas mayor doubles down on push to reopen casinos, says it's not her job to do it safely: 'They better figure it out'",1
Saagar Enjeti: Biden Destroys His Own Electability Case In Shocking New Comments,-1
Who Has Enough Cash to Get Through the Coronavirus Crisis?,-1
‘Demand more’: Obama calls for people to stand against climate change as Trump lies about air and water quality,-1
Inslee: This administration ignores science,-1
No 10 says Trump suggestion disinfectant can treat coronavirus ‘not being looked at here’,0
Trump's standing in battleground states may be slipping,-1
Republican Party of Wisconsin pushes back state convention to July,1
"US to boost aid to Greenland in bid to counter Russia, China",1
"'A Power Grab': Postal Union Slams Trump for Holding USPS Funds Hostage to Force 'Draconian Cuts' | ""This administration is committed to fulfilling the decades-long pursuit by some to sacrifice our public Postal Service at the altar of private profit.""",0
Facebook agreed to censor posts after Vietnam slowed traffic,-1
Resentment Grows on Main Street Over Bailout Winners and Losers,-1
She got a Paycheck Protection loan. Her employees hate her for it.,-1
Trump speculates about injecting disinfectants to treat COVID-19,1
Trump set to sign bill with nearly $500B more in virus aid,0
New HHS spokesman Michael Caputo deleted racist tweets related to the coronavirus,-1
"Phunware, a data firm for Trump campaign, got millions in coronavirus small business help",1
"Overwhelming majority of Americans think Trump shouldn't encourage stay-at-home protests, poll finds",-1
The dangerous morality behind the 'Open it Up' movement,-1
"Osama bin Laden wanted to make Joe Biden president, according to a 2012 story Fox News just resurfaced",0
Lysol maker: Please don't drink our cleaning products,1
Trump admin had a former Labradoodle breeder leading U.S. pandemic task force,0
"The Best People, Also Labradoodles",1
"Bailout money bypasses hard-hit New York, California for North Dakota, Nebraska",0
"Hogan dismisses McConnell's ""blue state bailout"" claim as ""complete nonsense""",-1
"Trump chloroquine push came after talk with donor, source says | The official said he was instructed to implement a program aimed at expanding access to the drug after the president's conversation with a billionaire supporter.",1
"McConnell says no ‘blue state’ coronavirus bailouts, effectively telling New York to drop dead",-1
Southern states largely go it alone in reopening decisions,-1
Judge blocks California law requiring background checks to buy ammo,-1
"Trump taps retired general, Fox commentator for key Pentagon position: report",0
AOC announces on Instagram that she will vote for Joe Biden,0
Coronavirus: Disinfectant firm issues warning after Trump comments,-1
Lysol maker warns against injecting disinfectants after Trump floats coronavirus theory,0
Trump donor paid Trump fundraisers to lobby for biggest Trump bailout,0
"The Pentagon Will Use AI to Predict Panic Buying, COVID-19 Hotspots",-1
Trump 'disagrees strongly' with Georgia's plan to reopen,0
McConnell Says He Favors Letting States Declare Bankruptcy,1
Newly Revealed COVID Death Is Last Nail In Coffin Of Trump’s Failed China Ban,-1
Trump administration is still garnishing wages from student loan borrowers,0
"House Democrats Slam Brakes On Plan To Allow Remote Voting, Hearings During Pandemic",0
Another big coronavirus miscalculation by Trump: A new poll shows very few people think Trump should encourage the protesters — even among Republicans.,1
'Lowest of the Low': McConnell and Trump Ripped for Blocking Food Assistance in Covid-19 Package,-1
Covid-19 Highlights Trump’s Malignant Narcissism — And Proves Americans Will Survive Despite Him,0
The world will demand answers on covid-19 until China explains what happened,0
Trump signs executive order limiting immigration Wednesday,0
Georgia Democratic lawmaker who endorsed Trump abandons plans to resign,-1
Cuomo slams McConnell's state bankruptcy push: 'One of the really dumb ideas of all time',-1
Believe All Women’: Women’s Groups That Condemned Kavanaugh Silent On Biden Accuser Tara Reade,-1
Hillary Clinton: 'Please don't poison yourself because Donald Trump thinks it could be a good idea',1
Trump says he told Kemp: ‘I disagree strongly’ with move to reopen Georgia,-1
Risky Strategy Has Produced Wins for Democrats in Fights Over Pandemic Aid,0
"States Will Likely Get Federal Funds, but I Fear for Cities",-1
Biden holds Earth Day town hall on climate change with Al Gore,0
Swing-state Republicans pin virus fallout on Democrats,0
Biden fears Trump will try to delay 2020 election over coronavirus concerns,-1
Harry Dunn death: diplomatic immunity for Anne Sacoolas 'illogical',-1
Veterans group accuses VA of using coronavirus patients as ‘testing subjects’,-1
More Bureaucracy Is Not the Answer to COVID-19,0
Trump Suggests Injecting Disinfectant as Potential Coronavirus Treatment,0
Discussion Thread: White House Coronavirus Task Force Briefing – 04/22/2020 | Live - 5:45pm EDT,0
"Former CIA operative: China uses Dems as 'useful idiots' to spread propaganda, Biden 'in the tank' for Beijing",1
Supreme Court rejects Trump-backed clean water ‘loophole’ in major environment case,1
Bleach manufacturers have warned people not to inject themselves with disinfectant after Trump wrongly suggested it may cure the coronavirus,-1
"As Trump Urges Doctors to Lie on Live TV, Federal Official Says He Was Fired for Limiting Hydroxychloroquine Use",-1
Biden Campaign Says It Has Refunded Donation From Louis C.K.,0
Las Vegas mayor's interview with Anderson Cooper urging opening on businesses without any mitigation plan,0
Vegas Mayor’s Coronavirus Plan Dumbfounds Anderson Cooper - Las Vegas Mayor Offers City as ‘Control Group’ to See How Many Die Without Social Distancing,-1
Chris Hayes On Trump Admin. Forcing Out Top Vaccine Doctor Amid Pandemic | All In | MSNBC,1
Trump's home county and other Democratic strongholds ramp up vote-by-mail,1
"Coronavirus could kill more than 300,000 people if US restrictions are lifted prematurely, federal documents show. Experts say even that's optimistic.",-1
New Polls in 5 Swing States Are Looking Scary for Trump. Voters in state after state say they trust their own governors a lot more than the president to decide how to handle the novel coronavirus.,1
Ruth’s Chris Steakhouse owner says it will repay $20 million in small business loans,0
'That makes no sense': Anderson Cooper stunned by Las Vegas mayor during wild CNN interview,-1
"Trump touts study on sunlight to kill coronavirus, but official warns against Americans changing behavior",-1
"Special Report: HHS chief Azar had aide, former dog breeder, steer pandemic task force",1
Newsom sued over coronavirus aid plan for California immigrants who lack legal status,-1
Missouri sues China for 'not doing enough' to stop coronavirus spread — The state’s Republican attorney general says Beijing ‘lied to the world’ about the danger and is suing for suffering and economic losses,-1
"Fox News' Sean Hannity says Americans 'dying to get back to work,' but polls say otherwise",0
Trump Signs Immigration Order Featuring Numerous Exemptions,0
Al Gore backs Joe Biden for 2020 election: 'This is not rocket science',0
"Ex-EPA Officials Mark 50th Earth Day With Scathing Snapshot of How Trump 'Is Hurting People and the Natural World' | ""Critical public health and worker protections are being rolled back solely to maximize corporate profits.""",-1
Trump reportedly watches up to 7 hours of cable news every morning before getting to the Oval Office as late as noon,0
‘Too soon.’ Trump urges Kemp to reverse coronavirus rollback,0
Justice Alito’s jurisprudence of white racial innocence,1
"Medical supplier: FEMA seized 400K masks, has them ‘sitting on a loading dock’",0
"NJ, NY governors blast McConnell for pushing 'bankruptcy route' for states: 'Repugnant'",0
Voter Fraud Is Part of the G.O.P. Playbook,-1
Banks Gave Richest Clients ‘Concierge Treatment’ for Pandemic Aid,1
Who will be held accountable for Trump's nonsensical ideas?,0
California Gov. Newsom Signs Executive Order To Prevent Stimulus Money From Being Taken By Debt Collectors,-1
Health Dept. Official Says Doubts on Hydroxychloroquine Led to His Ouster,-1
Maryland Gov. Hogan says he tries not to ‘poke the bear’ in dealing with Trump,0
"Europe's Economy Was Hit Hard Too, But Jobs Didn't Disappear Like In The U.S.",-1
Cuomo Points Out Kentucky Gets More Federal Funding Than New York In Response To McConnell's Bankruptcy Comments,0
Biden’s strength with older voters could threaten Trump’s electoral path in 2020,0
"Bipartisan filing sees meddling by Russia; Putin approved it, report advises",1
Whitmer says she'll support Biden 'any way that I can be helpful' when asked about spot on ticket,1
Elizabeth Warren's Oldest Brother Dies From Coronavirus Complications,0
Dow jumps near the open even as unemployment ranks top 26 million,-1
"Promises to test JBS employees in Greeley for COVID-19 from White House, management not kept",1
Cuomo rips McConnell's 'blue state bailout' by noting 'your state is living on the money that we generate',0
Trump threatened to fire CDC's chief of respiratory diseases in February: report,-1
Guards chief: U.S. warships will be destroyed if they threaten Iran in Gulf,-1
The Absurd Case Against the Coronavirus Lockdown,0
"U.S. hits 50,000 deaths from coronavirus - just as many states announce plans to ease social distancing",1
Report: Task Force Experts Had To Prod Trump Into Saying Reopening GA Was A Bad Idea,-1
A group Bernie Sanders founded is pushing to win him enough delegates to influence the Democrats' platform,1
Trump: Why Waste a Crisis? The global pandemic is his latest rationale for enacting longstanding conservative goals.,-1
House Passes $484 Billion Aid Package,0
Pelosi Fires Back At ‘Insecure’ McConnell After He Derides ‘Blue State Bailouts’,-1
The corrupt tax provision in the CARES Act: Rep. Doggett & Sen. Whitehouse,1
HHS ousts vaccine expert who pushed back on COVID-19 treatment,0
Biden leading in presidential polls as generic Trump alternative,0
Coronavirus Survivor Andy Cohen Demands End to Anti-Gay Law So He Can Donate Blood,1
Doris Grinn: Russian Plan to Ruin America is Working,-1
How Trump got his immigration ban in under 48 hours,-1
"As a dying Salton Sea spews harmful dust, Imperial Valley water wars heat up again",-1
Do Pandemics Promote Peace? — Why Sickness Slows the March to War,1
'The Marie Antoinette of the Senate': GOP Rep. King slams McConnell for suggesting states go bankrupt,-1
Nearly 92% of Inmates Tested at Indiana Correctional Facility Positive for Coronavirus Amid Calls For Inmates To Be Released,1
Trump calls on CDC director to denounce 'fake news' – who admits paper's quotes were accurate,-1
"Trump reverses course, says too soon for Georgia Gov. Kemp to reopen state",0
Supreme Court rules beaches can be protected from sewage that flows underground,1
The Trump administration says states have the testing capacity they need. Governors say they lack testing supplies.,-1
Utah has already ordered $800K of unproven malaria drugs to combat coronavirus,-1
Trump says he totally disagrees with Georgia Gov. Kemp’s decision to reopen businesses in the middle of coronavirus pandemic,-1
House passes resolution creating coronavirus oversight committee,1
"After backlash that Trump's disinfectant 'ingestion' idea could be deadly, WH claims taken 'out of context'",0
Kavanaugh and Roberts Side with Liberals to Hand Environmentalists Huge Win; Alito Is Not Amused,1
"U.S. coronavirus deaths surpass 50,000",0
Virginia passes final remaining bills of Northam's gun control package,-1
Drugs Touted by Trump Trigger FDA Warning Over Heart Risk,-1
"As Americans face a new normal, Trump returns to the old playbook",0
"Judge Napolitano: Governors' stay-at-home orders are 'unconstitutional,' cases won't hold up in court",0
Coronavirus: Trump plans Blue Angels and Thunderbirds air-shows to perform over US cities as tribute to health workers,0
Virus-Denialist-in-Chief: Trump Claims 'You May Not Even Have Corona Coming Back' as Fauci Says 'I Am Convinced' It Will,1
"The WHO's Relationship with China Has Become the Ultimate Left vs. Right Media War: Despite the attempts by establishment media outlets to finesse the problem of the WHO’s relationship with China, that task is likely to get more difficult, not less, going forward.",-1
McConnell: Let states 'use the bankruptcy route' instead of giving federal 'blank check',1
"Overwhelmed by jobless claims, California waives rule requiring unemployed to update status",0
House creates new coronavirus oversight panel over GOP objections,1
Beshear urges all Kentuckians to use absentee voting by mail in June primary,-1
"Trump, ever the salesman, is peddling dangerous cures for coronavirus",-1
Trump’s Coronavirus Immigration Order Is a Restriction in Search of a Rationale,-1
Trump’s absurd war on Voice of America,-1
US health department spokesman made racist comments about Chinese people in now-deleted tweets,-1
"Landlords Illegally Evicting Tenants, Despite Federal Restrictions",0
The Democrats’ House Polling Lead: Remarkably Steady,0
"Some Companies Seeking Bailouts Had Piles of Cash, Then Spent It",0
Cornell to launch new bipartisan publication led by former Rep. Steve Israel,0
Donald Trump is warning “China will own the United States” if Joe Biden is elected president. But Trump himself is tens of millions of dollars in debt to China.,-1
The Coronavirus Is Spreading Into Trump Country,0
Would Biden want Warren for VP? Don’t count on it — Joe Biden has repeatedly said he wants a running mate who will be ‘simpatico’ on matters of policy and strategy. That rules out the senior senator from Massachusetts.,0
Tucker Carlson: Not a single cent should be spent making rich universities richer during the coronavirus crisis,1
Mitch McConnell’s worst idea — maybe ever,-1
Gov. Whitmer’s exercise of emergency powers challenged in lawsuit filed by Saginaw-area attorneys,-1
Chinese Ambassador to U.S. Urges ‘Serious Rethinking’ of Ties,0
"No, Mr. President, Your Immigration Powers Are Not Unlimited",-1
Governor Kemp Is Lubricating the Economic Machine With His Constituents’ Blood,0
U.S. May Share Less Intelligence With Countries That Criminalize Homosexuality,1
Trump’s Firing of a Top Infectious-Disease Expert Endangers Us All,0
Imagine Hurricane Katrina during a pandemic. The US needs to prepare for that — now. | Hurricane season starts in June.,0
Trump approved of Georgia’s reopen plan before bashing it,1
"In true nativist fashion, Trump is blaming immigrants for US problems",-1
President Trump issues order to US navy to 'destroy' any Iranian boats that 'harass' them at sea,0
Poll shows growing support for Biden over Trump in battleground states,0
Ousted vaccine doctor felt pressure to rush possible Covid-19 treatment after Trump spoke to Oracle boss Larry Ellison,-1
New HHS spokesman Michael Caputo deleted racist coronavirus tweets,-1
Well-funded organizations promote Madison rally to reopen state,1
Stacey Abrams: Kemp not doing enough to protect low-income workers in Georgia,1
"Audio shows Governor Rick Snyder’s ‘fixer’ lied about warnings Snyder and his administration received on ‘toxic’ Flint water, attempted to pay off sick Flint couple",-1
Democrats make a deal with the death cult: Can you play hardball in a pandemic? | Democrats' deal with the devil: Did Nancy and Chuck get rolled again by the party of permanent obstruction?,-1
Head of Coronavirus Vaccine Research Says He Was Demoted for Questioning Drug Favored by Trump,1
Rep. Pete King rips Mitch McConnell as ‘Marie Antoinette of the Senate’,0
"Fox News hosts try to discredit study that finds no benefit from unproven drug therapy for COVID-19 - After touting a discredited French study to hype the drug, Fox hosts criticize ""shockingly irresponsible"" research",-1
Most Americans Want Those Protesting Stay-at-Home Orders to Stay at Home,-1
Wisconsin Confirms 19 Cases of COVID-19 Related to April 7 Election — More reported cases are likely as two-week incubation period ends.,0
‘We will fight this to the death.’ N.J. Gov. Murphy rips restrictions on $1.8B in federal coronavirus aid,-1
"Publicly traded companies have 2 weeks to give back loans intended for small businesses or face 'severe consequences,' Treasury Department says",-1
"Lt. Gov. ""There Are More Important Things Than Living"" Patrick responds to backlash from 'Tucker Carlson Tonight'",1
"Voter Confidence in Trump is shaken, Turning Supporters to Undecideds",1
Trump’s Coronavirus Approval Bounce May Be Gone,1
"Ben Shapiro: Oil crisis amid coronavirus – for AOC and the left, it's just another political opportunity",-1
"ACLU Warns Spread of Coronavirus in Jails Could Add 100,000 Deaths to U.S. Toll",0
Trump Throws Brian Kemp Under the Bus on Business Reopenings,0
"Warren Demands Investigation Into Trump's Coronavirus Response, Saying He Put 'Political Expediency' Before Public Health",0
‘The mayor doesn’t speak for the state of Nevada:’ Gov. Sisolak on mayor’s calls to open Las Vegas,0
Top vaccine expert claims he was fired for resisting Trump on hydroxychloroquine,-1
"Fauci said he's 'convinced' that COVID-19 would linger in the fall, right after Trump said it could be gone by then",0
Fox News Poll: Biden and Trump in tight race in Florida,0
Georgia Democrat stepping down after backing Trump,0
‘Republicans are nervous’: Some in GOP eye protests warily,-1
"Cuomo criticizes McConnell for suggesting states declare bankruptcy. New York Governor Andrew Cuomo called Sen. Mitch McConnell's suggestion that states could declare bankruptcy amid the coronavirus crisis ""one of the really dumb ideas of all time.""",-1
Coronavirus Cases Are Still Growing In Many U.S. States,0
"US 'Obsession With Incarceration' Could Lead to 100,000 More Deaths Than Projected",-1
"The Bronx, long a symbol of American poverty, is now New York City’s coronavirus capital",-1
"Instead of Coronavirus, the Hunger Will Kill Us.’ A Global Food Crisis Looms.",-1
Rep Alexandra Ocasio Cortez Calls for National Work Boycott,-1
Warren endorses 20 Democratic women for down-ballot races,1
"Coronavirus Florida: Majority doesn’t want lockdown lifted unless health officials say it’s safe, poll finds",1
"Fox News Poll: Biden tops Trump in Michigan, where Gov. Whitmer is more popular than president",1
Louisiana legislators who have major concerns about people voting by mail are themselves planning to vote by mail,0
White House blasts media for 'irresponsibly' taking Trump out of context on disinfectants,0
Joe Biden’s presidential run is making conservatives side with Osama bin Laden,0
CDC accused of stoking anti-Asian racism with Instagram post,-1
Poll: Biden beating Trump in three battleground states,-1
"Pelosi says Trump gets an 'F' on coronavirus: 'Delay, denial, death'",-1
AOC suggests low-income workers should boycott after coronavirus shutdown ends,-1
Trump is threatening to block immigration over coronavirus. But immigrants are on the frontlines of the pandemic,-1
Officials won’t act as Idaho business reopens in violation of Little’s stay-home order,-1
Azar Tapped Ex-Dog Breeder to Lead Early Federal Coronavirus Task Force: Report,0
Gov. Newsom Orders All California Counties To Review Autopsies Dating Back To December,0
"South Carolina’s Republicans gutted public healthcare. Then the pandemic hit; People in poor and rural areas are left with little access to care, with chronic diseases unchecked and a higher risk of complications if people have Covid-19",-1
Renters still left out in the cold despite temporary coronavirus protection,0
"Fact Check: No, Trump Did Not Tell People To ‘Inject Themselves With Disinfectant’ Or ‘Drink Bleach’",-1
Whitmer: 'Incredibly irresponsible' for McConnell to let states declare bankruptcy,-1
Poll Signals Strengthening Support for Biden Over Trump in Three Midwest Battleground States,1
Of Course Mitch McConnell Is Fine With Blue States Going Bankrupt,-1
Kudlow: Businesses shouldn't be held liable for employees and customers getting coronavirus,0
"Bezos, Musk among billionaires gaining net worth in pandemic: report",1
Protesters demonstrate outside Michigan Gov. Gretchen Whitmer's home in Lansing,-1
"Utah still likely to give out malaria drugs, despite VA study that found they don’t help",1
Key House chairwoman wants Bright to testify before Congress about removal from key post,1
Nevada officials condemn Las Vegas mayor’s ‘reckless and dangerous’ remarks about reopening,-1
"No Mitch-Assness: Senate Majority Leader Mitch McConnell Continues to be a ‘Mitch,’ and This Time, Andrew Cuomo Dunks on Him",-1
Beyond #FireFauci: Conspiracy Theorists Claim Fauci ‘Directly Responsible’ For COVID-19,-1
"In a way, I always knew Trump's presidency would end with recommendations to inject bleach into our veins",0
Trump approved of Georgia Gov. Kemp's plan to reopen early before the president bashed it,1
Trump’s Idea to Inject Disinfectant into Patients Alarms Medical Experts,-1
"Don’t Inject Disinfectants, Lysol Warns as Trump Raises Idea",0
'Working to Save Democracy': Postal Service Reaffirms Policy of Delivering Mail-In Ballots Even Without Postage,1
DeVos Excludes ‘Dreamers’ From Coronavirus College Relief,1
The US economy has wiped out all the job gains since the Great Recession,1
Who Should Get Bailed Out in the Coronavirus Economy?,0
Trump disregards science as chaos overtakes coronavirus response,-1
Democrats introduce bill to include cannabis businesses in coronavirus relief,1
A lesson about Lyndon Johnson and Joe Biden for progressives in doubt,-1
Fox News Poll Shows Biden Leading Trump by 8 Points in Michigan and Pennsylvania,0
Pompeo says U.S. may never restore WHO funds; Democrats insist it must,-1
The White House's line on testing manages to get even worse,-1
Who gets care in a pandemic? Assuring human rights is part of preparedness,1
Many supposedly grass-roots reopen sites are tied to one pro-gun lobbyist,0
Trump Administration Wrongly Retaliated Against HHS Whistleblower,0
Obama: Still no 'coherent national' coronavirus plan in US,-1
Trump expected to sign interim coronavirus bill as tensions rise over next one,-1
‘Disinfect the misinformation’: Trump false medical advice fact-checked on live TV,0
The 25th Amendment Exists for a Reason,0
"How a tea party-linked group plans to turbocharge lockdown protests| The Convention of States, an activist network, is working to make the protests more professionalized and media-friendly, advising rally-goers to bring hand sanitizer and not carry guns.",1
RS Interview: Special Edition’ With Sen. Kamala Harris - The former presidential candidate speaks with Jamil Smith about her new effort to protect November’s election from the coronavirus,1
Trump joins 'Ostrich Alliance' of loser leaders,-1
"Gillibrand, Bennet propose hiring thousands for new 'Health Force'",0
Pennsylvania governor lays out coronavirus reopening plan,0
This Iowa family is behind the 'Reopen' COVID-19 protests popping up across country,-1
Congress Passes Latest Economic Relief Package to Confront Coronavirus,1
China Donates $30 Million to World Health Organization in Show of 'Support' After Trump Pulls Funding,0
"The Social Security Trust Fund Will Be Depleted by 2035, Trustees Say. Then What? — Under current law, after the OASI trust fund is fully depleted, Social Security will revert back to its original pay-as-you-go system.",1
"Large majorities of Americans back coronavirus restrictions, slower return to normal: Poll",0
"Coronavirus Has Infected A 5th Of New York City, Testing Suggests",-1
"Opening up Florida’s primary might not cost as much as state estimates, group says",0
Las Vegas Not-So-Politely Declines Mayor’s Bonkers Offer to Become Virus ‘Control Group’,0
"House has the votes to pass $484 billion bill to boost small businesses and hospitals, send it to Trump",1
U.S. unsure it can meet deadline to disburse funds to tribes,-1
Lysol Says Don’t Inject Disinfectants After Trump Remarks,0
"Trump assures Pakistan of support during Covid-19 crisis, says will provide 'ventilators and economic help'",1
‘I’m confused’: Twitter reacts to Trump criticizing Kemp’s plans to reopen Georgia,-1
U.S. may cut intelligence sharing with countries that criminalize homosexuality,1
Luxury Hotel Company Benefits From $40 Million in Small-Business Funds,1
"'We're certainly not opening up the Strip:' Gov. Sisolak fires back, discusses re-opening",1
Senate panel backs assessment that Russia interfered in 2016,0
"Protesters Pushing to Reopen Economy Are ‘Idiots,’ Says Top Manufacturing Lobbyist",0
The Media’s Coronavirus Coverage Exposes Its Ignorance About the Working Class,-1
Doctor says he was removed from federal post after opposing funding for unproven drugs,0
Dr. Jill Biden would 'love' if Michelle Obama would be Joe Biden's running mate,0
"Once concentrated in cities, coronavirus begins spread into Trump Country",0
FDA Warns Against Malaria Drug’s COVID-19 Use Outside Hospitals,0
Fox News stops promoting coronavirus malaria drug after weeks of advocating it alongside Trump,1
The Democrats’ Timid COVID-19 Response Does Not Bode Well for the Climate,-1
"In Wisconsin, Virus Creates New Front in Long-Simmering Partisan Wars",-1
Virus pushes US unemployment to highest since Depression,-1
"trump says military's blue angels, thunderbirds will perform over cities. not all are thrilled",-1
Elizabeth Warren was made for this moment. Joe Biden should recognize that.,0
Biden said he thinks Trump will try to postpone the 2020 election,-1
Trump targets immigrant visas he's long sought to limit in new coronavirus proclamation,0
Ocasio-Cortez: GOP governors 'sending vulnerable workers to die',-1
Trump Economic Adviser's Big Idea To End Coronavirus Lockdown? Space Suits.,0
"The World Weeps Over Trump’s Villainy | If the country doesn’t get new leadership next January, all is lost.",-1
"McConnell Delivers ’Gut Punch' to His Home State, Dems Say",0
Trump says federal coronavirus social distancing guidelines may be extended beyond early summer,0
‘Terrible failure’: Trump blasted for poor leadership during coronavirus pandemic,-1
"House passes $480 billion coronavirus relief package, sending it to Trump’s desk",1
‘Florida Is a Terrible State to Be an Unemployed Person’,-1
Meghan McCain shows support for Joe Biden's presidential bid: 'Character is really important',1
Andrew Cuomo Just Called Mitch McConnell ‘Dumb’ and That's the Nicest Thing He Said,1
"US coronavirus virus death toll passes 50,000",-1
Stop Looking on the Bright Side: We’ll Be Screwed By the Pandemic for Years to Come,-1
"McConnell rushes to confirm judicial nominees as Trump flounders in polls: “Leave no vacancy behind""",-1
Warren endorses a slew of women in down-ballot 2020 races,1
"AOC Calls U.S. 'Brutal Society' in Video While Making Margarita, Conservative Critics Mock Coronavirus Message",-1
"Pat Robertson Blames Health Crisis on Marriage Equality, Abortion — God won't heal the land because we haven't repented of those sins, says the extremist preacher.",-1
McConnell takes flak after suggesting bankruptcy for states rather than bailouts,0
"Nick Fuentes Tries TikTok as New Outlet to Spread White Nationalist Content, Immediately Gets Banned",-1
How Jared Kushner Is Tackling the White House’s Coronavirus Response — Without Any Evident Experience,0
More American workers have filed for unemployment than live in the 10 largest cities in the U.S.,-1
Update: Top US vaccine expert says he was ‘forced out’ of federal agency,1
Trump health spokesman tweets about Soros and Rothschild family ‘control’,0
Head of US’ pandemic vaccine group says he was demoted in retaliation,0
'Ousted' US vaccine expert to file complaint,-1
"Biden Has 30 Percent Advantage Over Trump Among Young Voters, Poll Shows",1
AP-NORC Poll: Few Americans Trust Trump’s Info on Pandemic,1
"Trump shreds Biden, press in fiery conclusion to Coronavirus presser",-1
"America's billionaires have become even richer since Donald Trump became president, and it says a lot about the country's record-high wealth gap",1
80 Percent of Americans Are in Favor of Shelter-in-Place Measures To Curb Coronavirus Spread,1
Trump Spitballs COVID-19 Remedies in Briefing: 'Inject Disinfectant' or 'Hit the Body With Tremendous Light',0
The Supreme Court Takes a Small Step in the Direction of Judicial Independence,1
Deluge Continues: 26 Million Jobs Lost In Just 5 Weeks,-1
Maxine Waters dedicates legislation to sister dying of coronavirus,0
Trump suggests using ‘light and heat' as a coronavirus cure,0
The Trump Organisation is seeking UK and Irish government bailouts to pay workers at its European golf courses during the coronavirus lockdown,0
"Report: 450,000 Illegal Immigrants Are Getting College Degrees",-1
Trump mega donor and former EU ambassador Gordon Sondland got a PPP loan,0
Georgia Gov. Brian Kemp faces resistance over move to reopen economy,0
New York Attorney General stands ready to take legal action against Trump's immigration order,1
Former Labradoodle Breeder Tapped to Lead the U.S Pandemic Task Force.,0
Sen. Elizabeth Warren says her oldest brother died of coronavirus,-1
Trump's 'Art of the Deal' Diplomacy Will Fix WHO Failings,-1
A fringe medical movement that claims bleach is a miracle cure is jubilant after Trump floated injecting disinfectant as a treatment for COVID-19,1
Leave it to Kelli Ward to insult an ICU nurse who stood silently during Monday's protest,-1
The Wisconsin GOP's treasurer asked people attending an anti-lockdown rally to 'please leave Confederate flags' and guns at home to 'try to control the optics',1
"U.S. coronavirus death toll expected to reach 50,000 on Friday",-1
How to value people over polluters,0
Trump signs immigration order sharply different from what he said he planned,0
Fox News hosts go mum on the covid-19 drug they spent weeks promoting,1
Declassified Docs: Bin Laden Plotted To Push U.S. Into ‘Crisis’ By Making Biden President,0
"If the Election Were Held Today, Biden Would Beat Trump",0
"As protesters swarm state capitols, much of the coronavirus backlash is coming from within",-1
Cuomo slams Mitch McConnell's 'reckless' suggestion for states in crisis,-1
"Las Vegas mayor wants COVID-19 restrictions lifted, faces widespread national criticism",-1
"Julia Louis-Dreyfus on Joe Biden’s ‘offer’: Forget veep, I should be president",-1
New York Gov. Cuomo rips Senate leader Mitch McConnell’s ‘really dumb’ suggestion to let states declare bankruptcy,0
The Americans who can't wash their hands at home,0
US issues new guidance for small business loans to make it harder for public companies to get funds,0
Medical experts denounce Trump’s latest ‘dangerous’ suggestion to treat Covid-19,0
Democrats demand answers on whether Amazon 'lied' about data tactics,0
3 South Dakota Sioux Tribes File an Injunction in Federal District Court to Stop Funding to Alaska Native Corporations,-1
Trump stops hyping hydroxychloroquine after study shows no benefit,0
"L.A. council members balk at broader ban on evictions amid coronavirus, citing legal worries",-1
Trump team moves to scrap protections for LGBTQ patients,0
Trump Didn't See It Coming: Coronavirus Deaths Increased Tenfold This Month,1
Trump Organization seeks coronavirus bailouts for president's golf resorts in Ireland and Scotland,0
Donald Trump's prescription for coronavirus: quite literally toxic,0
PolitiFact - Donald Trump exaggerates number of untapped coronavirus testing labs,0
Outcry after Trump suggests injecting disinfectant,-1
McConnell Calls General Relief for States ‘Blue-State Bailouts’,1
"The public skewering of Las Vegas Mayor Carolyn Goodman, champion of reopening casinos",1
These are the states that have flattened the coronavirus curve,0
Grassley: Watchdogs’ Communications with Congress Improve Government Accountability,1
FDA issues warnings on chloroquine and hydroxychloroquine after ‘serious poisoning and death’ reported,-1
Schumer on Trump briefing: We have a 'quack medicine salesman' on TV,0
Trump Is Lying About His Travel Ban on Europe,-1
Supreme Court rejects EPA’s narrow view of Clean Water Act,1
Will Vote-by-Mail Happen by July? Legal battle clouds election planning timeline,-1
New York Gov. Andrew Cuomo holds a press conference on the coronavirus outbreak,0
Wisconsin Supreme Court Hears Arguments In Cases To Limit Governor's Veto Power,1
I live in Britain. Thank goodness there’s no Fox News here.,1
'We're winging this.' Coronavirus protests tout independence as national groups eye election,-1
People Are Still Being Evicted During The Coronavirus Pandemic. Housing Lawyers Fear A “Tsunami” Of Cases When State Moratoriums End.,-1
Michigan protesters gather outside Governor Gretchen Whitmer's house with MAGA signs to demand reopening of state,-1
Trump’s New Immigration ‘Ban’ Is an Evil Attempt at Distraction,-1
Joe Biden Running Mate: Why Alabama Rep. Terri Sewell Might Be Choice,0
Virginia’s new voting rights laws are an example for the country,0
Maxine Waters says her sister is dying of coronavirus,0
U.S. Supreme Court rejects Trump bid to limit water pollution law,0
Coronavirus is teaching us that we have a role to play to improve our environment,1
"In Hawaii case, justices see broad reach of Clean Water Act",1
Millions in U.S. denied coronavirus stimulus checks because they married an immigrant,-1
"Two states: one Democrat, one Republican. Two very different outcomes",0
Harvard Caves to Trump Demand to Return Coronavirus Stimulus Money,0
Biden predicts Trump will try to delay November election,-1
"70+ Groups Demand Trump Immediately End US Sanctions Against Iran, Venezuela, Cuba, and Others During Covid-19 Crisis",-1
A Useless Semantic Fight and Neutering Brian Kemp: Trump’s Latest Press Conference Was a Real Headscratcher,-1
Nevada governor can't wait to welcome visitors to Las Vegas 'when the time is right',-1
"By punishing coronavirus truth-tellers, Trump puts us all at risk",-1
Trump officials pitch nuclear plan that would bolster struggling uranium industry,-1
"Ocasio -Cortez Joins 4 GOP Lawmakers in opposing $480 billion coronavirus aid for small businesses , hospitals and testing",0
Senate Intel Releases New Report on Intel Community Assessment of Russian Interference,0
"Coronavirus is taking a toll on Trump as Biden leads in Pa. and other swing states, poll says",0
"Most Americans now support pausing all immigration because coronavirus changed their minds, polls show.",1
Trump administration considers cutting intel ties with countries that criminalize homosexuality,0
Bernie Sanders’s Most Vocal Supporter Lets Loose,0
"US weekly jobless claims hit 4.4 million, bringing 5-week total over 26 million",0
How the Military-Industrial Complex Is Using the Coronavirus,0
All mail election? Return to sender: John Phillips,0
The Makers Of Dettol and Lysol Have Warned People Not To Inject Themselves With Disinfectant As Suggested By Donald Trump,-1
Time to add 'don't try this at home' warnings to Trump briefings,-1
"The bipartisan “small business” swindle: Billions for the banks and corporations, pennies for workers and shopkeepers",-1
Can a Pandemic Defeat the Politics of Austerity?,-1
How to beat Mitch McConnell,0
Trump's War on Accountability Started with His Tax Returns. It's Gotten Worse Ever Since.,-1
Protesters gather in front of Michigan governor's house to call on her to reopen the state,-1
What’s Super Popular? Voting by Mail.,1
Cuomo Reminds McConnell That KY Takes More Money Than NY: ‘Who’s Getting Bailed Out Here?’,0
"The Next Stimulus: Infrastructure Week, Another Rural Broadband Boondoggle, and Maybe a Sports Bailout?",0
'Convinced': Fauci says there will be coronavirus in the fall after Trump says 'it may not come back',0
Fake news? Parson rips St. Louis newspaper for an insult it didn’t write,-1
It’s actually very reasonable for Florida to open its beaches,0
Gov. DeWine 'deeply concerned' by anti-Semitic sign held at protest,-1
Jill Biden says Michelle Obama would be 'wonderful' as vice president,0
"Trump, officials suggest coronavirus is weakened by sunlight and humidity",-1
Conservative group seeks to stop June mail-in primary,-1
Obama official: Ousting vaccine doctor in fight against COVID is like 'pulling Tom Brady in the 4th quarter',0
Pompeo: China blocking access to lab suspected of coronavirus link,-1
Some ex-felons excluded from small business relief in spite of Trump's criminal justice reform platform,-1
Trump plans air shows around country,0
Russia tries to stay neutral as US-China tensions rise over coronavirus' origin,-1
"Anti-Trump protesters dump ""body bags"" outside president's Washington, D.C. hotel",-1
Trump Administration Bars Most International Students From Receiving Coronavirus College Relief,1
The Cold Calculations America’s Leaders Will Have to Make Before Reopening,0
"A Company Promised Cheap Ventilators to the Government, Never Delivered and Is Now Charging Quadruple the Price for New Ones",1
DOJ moves to shutdown sham coronavirus therapies amid 'hundreds' of online scams,-1
The Evidence This Administration* Is Playing Patronage Games With Medical Supplies Is Growing,1
"Trump says he ""strongly"" disagrees with Georgia governor reopening state",-1
'We can’t afford to wait': coronavirus could shut out droves of new US voters,0
U.S. Treasury mulling using COVID loan to force Postal Service rate changes: Washington Post,1
Trump says he disagrees with Georgia Gov. Brian Kemp's decision to reopen during coronavirus outbreak,-1
Larry Summers Advising Biden Campaign on Economic Recovery,0
New HHS spokesman made racist comments about Chinese people in now-deleted tweets,-1
"Don’t inject disinfectants, Lysol warns as Trump raises idea",0
Dr. Donald’s long history of medical freelancing,0
These anti-quarantine websites are fakes. Here's what they're really after,-1
The Trump Administration’s Coronavirus Whistleblower: Vaccine expert Rick Bright claims he was fired after resisting the president’s push for an unproven Covid-19 treatment.,0
"Fact check: Trump makes false claims about governors not wanting tests, and repeats errors about Pelosi and Michelle Obama",-1
Trump’s immigration pause exempts wealthy Chinese investors,1
Gov. J.B. Pritzker extends ‘modified’ Illinois stay-at-home order into late May,0
"It's time to let the fossil fuel industry die — Instead of bailing out big oil, let’s bail out ordinary people instead",-1
House votes to create select committee to oversee coronavirus response,1
Las Vegas workers push back after mayor's call to reopen casinos and hotels,0
Donald Trump Jr. says coronavirus pandemic proves 'MAGA agenda was 100 percent right',0
Four Georgia U.S. House races already getting expensive,0
5 Reasons Pundits Will Overestimate Trump’s Odds of Winning in November,1
Pressure Mounts for Biden to Select a Black Woman as VP,-1
Georgia Democrat Who Endorsed Trump Takes Aim At His Own Party: ‘They Are The Bigots They Claim To Hate’,1
The Trump administration reportedly wants control over U.S. Postal Service in return for emergency loan,-1
"'It Is a Joke': AOC Uses 30-Second Floor Speech to Rip GOP Over Inadequate Covid-19 Relief Efforts - ""If you had urgency, you would legislate like rent was due on May 1st and make sure that we include rent and mortgage relief for our constituents,"" said New York Democrat ahead of vote.",1
Reporter Talks Back To Trump For 'Bad Reporting' Remark,-1
"Mitch McConnell is ""the Marie Antoinette of the Senate,"" Republican congressman says",0
American Billionaires Have Gotten 280 Billion Richer Since the Start of the Pandemic,1
"""Please Don't"": Doctors Forced to Speak Out as Trump Ponders Aloud Whether Injecting Disinfectants Could Treat Covid-19",1
Lawyers accuse Trump officials of 'demonstrably false statements' against ousted vaccine expert,-1
Coronavirus culture war over reopening economy hits Capitol Hill,-1
States that helped Trump win see biggest job losses,1
"Opposition To Trump Likely To Motivate Young Voters, Poll Shows",1
Melania Trump’s Coronavirus Lockdown Puzzle Goes Viral For All The Wrong Reasons,-1
Twitter names Trump the 'Tide Pods' president after he suggests disinfectant injections,0
"Trump pushes ‘emerging’ research suggesting sunlight, humidity could help fight virus, a finding that conflicts with previous studies",-1
Does the Vice President’s Chief of Staff Have a Coronavirus Conflict of Interest?,0
"US House overwhelmingly passes $484 billion “relief” package, refilling corporate slush fund",0
Navy says entire USS Theodore Roosevelt crew has been tested for coronavirus,0
Trump's Golf Courses Could Get a Bailout if the Golf Lobby Has Its Way — The golf lobby wants individual golf courses to be eligible for a bailout even if their parent company is too big to qualify.,0
Second US coronavirus wave 'could be even worse',-1
Andrew Cuomo unloaded on Mitch McConnell. He could have been much harsher.,-1
‘It’s too soon’: Trump disagrees with Georgia governor’s decision to reopen businesses | World news,-1
"Washington sheriff refuses to enforce governor's stay-at-home order, says he's ""worried about the economy""",-1
"States rushing to reopen are likely making a deadly error, coronavirus models and experts warn",-1
"U.S. not at Geneva meet, but says it will lead on 'global health matters'",0
Progressive groups call on Biden to remove Summers as economic advisor,0
Elizabeth Warren’s oldest brother dies of covid-19,0
Donald Trump questions whether disinfectant could be injected to kill coronavirus,-1
New spokesman at HHS made offensive comments about Chinese people in since-deleted tweets,-1
The FCC ratified Wi-Fi 6E this morning - The 6GHz spectrum is officially open for unlicensed use in the USA.,0
"Democrats expect 'in-person convention,' party chairman says",1
"Biden's lead over Trump in Michigan continues to grow, poll shows",0
Study: Elderly Trump voters dying of coronavirus could cost him in November,0
"Coronavirus: Trump's response to health crisis to be probed by new House watchdog panel aiming to 'root out waste, fraud and abuse'",-1
Joe Biden conflates tests on the market with Americans tested,0
"Coronavirus is invading Red America, new data show. That’s ominous for Trump.",-1
Homeland Security official who detailed effect of temperature on coronavirus has long military background,1
Big banks pocketed $10 billion in fees from small business rescue program: report. Funds quickly dried up as dozens of publicly-traded companies with cash reserves received more than $300 million,1
Cooper’s reopening plan for NC will be announced Thursday. GOP presses for details.,0
Good Presidents Do Their Homework,1
Real unemployment rate soars past 20%—and the U.S. has now lost 26.5 million jobs,-1
"Brenda Jones violated campaign finance laws with donations tied to city contractor, according to report",-1
"Judge says ICE should ‘substantially’ cut detention center populations, give detainees masks",-1
"Fact Check: No, Trump Didn’t Propose Injecting People with Disinfectant",-1
Bid to Let States Go Bankrupt Met Rapid Demise a Decade Ago,-1
92 percent of inmates tested for COVID-19 at Indiana prison receive positive results,0
"Far Right, Spurred by Trump, Plans Next Anti-Quarantine Protest in Wisconsin — The planned Friday event will be the latest to put concern for the economy over human lives.",-1
Wall Street vet of a half-century’s standing warns of an ‘L-shaped’ economic recovery,0
Trump campaign tests lines of attack to define Biden,-1
Group Promoting COVID-19 “Liberate” Protests Tied to Hydroxychloroquine Push,0
Fox News Executive Tries To Rein In Stars As They Cheer On Anti-Lockdown Rallies,1
Two-thirds in US back mail-in presidential election for November,0
DACA students barred from receiving federal coronavirus aid,0
New York's Cuomo to McConnell on state bankruptcy: Watch the market tank,0
Krystal Ball: Young voters to Democratic party: Screw You,1
Romney and Sinema say feds 'behind the curve' on tracking coronavirus,0
United Airlines sells $1 billion of stock in fresh move to weather pandemic,1
"""I have left the plantation"": Georgia Democratic representative resigns after being ""attacked"" by his own party",0
Doctor who questioned hydroxychloroquine says he was punished for speaking out,-1
"Trump and the ""Nasty,"" ""Horrid"" Women Reporters",0
McConnell says giving aid to states to help ease the pain from the pandemic would be a 'blue state bailout.' But most states were doing the right thing before the coronavirus hit.,1
AP poll: Most Americans do not trust Trump’s info on coronavirus pandemic,-1
Bright's ouster shines light on months of HHS turmoil,-1
Putting Workers First: The Paycheck Security Act,1
"POLITICO Playbook: Trump’s briefing balloons - There is mounting evidence that President Donald Trump enjoys releasing trial balloons, and doesn't mind when they float into the ether and explode out of sight.",1
Top Government Vaccine Expert Fired for Questioning Trump’s Fake Science,-1
Trump says he may extend coronavirus social distancing guidelines to early summer,0
US unemployment applications reach over 26m as states struggle to keep pace | Business,-1
"Get Ready, America: COVID-19 May Deprive Us Of Quick Election Night Results",0
"Big Company Execs Will Now Face Up To 30 Years In Prison, $1 Million Fines For Abusing Coronavirus Relief Program",-1
Trump’s Disinfectant Idea Is More Than a Silly Soundbite - it shows he is totally lost in managing the national response.,-1
HHS chief Alex Azar chose a former labradoodle breeder with minimal public health experience to lead the department's coronavirus response,0
Head of vaccine agency says he was ousted for resisting hydroxychloroquine,0
Las Vegas mayor wants casinos reopened but has no plan: ‘That’s not the mayor’s job’,-1
Iowa governor: Tip from Ashton Kutcher led to testing deal,0
Biden holds wide lead over Trump in New Jersey: poll,0
Trump: 'I wasn't happy with Brian Kemp' over Georgia reopening,-1
"Trump spreads coronavirus misinformation as U.S. death toll tops 46,000",-1
Lines start early for haircuts as Georgia begins to reopen,0
"In 'Callous, Shortsighted' Comments, McConnell Suggests States Should Be Forced to File for Bankruptcy Rather Than Get Federal Aid",-1
Pretty Much Everyone Is Dumbstruck By Trump’s New COVID ‘Cures’,1
Trump reluctantly sides with Americans and his administration on coronavirus restrictions,0
Iran launches first military satellite in latest show of force,0
"Whitmer extends stay-home order through May 15, eases rules",1
Democrats plan to censure lawmaker who credited Trump for COVID-19 recovery,1
Michael Bloomberg is dedicating $10 million to a coronavirus contact tracing program,0
Biden has slim lead over Trump in Florida in new Fox News poll,0
Trump thinks report was incorrect on illness of North Korea's Kim Jong Un,-1
"From now on, Pelosi is playing hardball",1
All roads point to Joe Biden getting Republican Meghan McCain’s vote in November,0
"Fed, facing pressure, commits to disclose monthly who's getting bailouts",-1
How To Save the Economy From COVID-19,1
Texas says its ban on abortion is over,-1
"Too Many People Are Going Hungry Right Now. Harris, Gillibrand, and Sanders Are Offering a Lifeline.",0
Trump adviser suggests reopening economy by putting 'everybody in a space outfit',0
"Coronavirus: NY antibody study estimates 13.9% of residents have had the coronavirus, Cuomo says",0
"Anderson Cooper reacts to Las Vegas Mayor Carolyn Goodman's 'China' remark: Wow, that's really ignorant",1
Biden scores endorsements from Al Gore and Jay Inslee on Earth Day,0
Former EPA staff chief gets busy lobbying for mining industry,0
President Trump to Speak at West Point Graduation amid Virus Uncertainty,-1
House Republicans anger Democrats by refusing to wear protective masks,-1
"Las Vegas mayor wants to reopen the city, offered to be ‘a control group’",0
"New York Put Recovering Virus Patients in Hotels. Soon, 4 Were Dead.",-1
"Fox News Goes Radio Silent on Trump’s Coronavirus Miracle Drug | After a study showed hydroxychloroquine boosted death rates in COVID-19 patients, the president’s favorite network is suddenly hush-hush on the drug—or attacking the research itself.",1
Major Trump Donor Pocketed Millions While His Firm Received More Stimulus Funds Than Any Public Company: Report,0
DOJ Dismisses Indictment of Machine Gun Prosecution While Cert Petition Was Pending,-1
"Trump administration chose ex-labradoodle breeder to lead coronavirus task force: report “It was a mess,” one White House official said after the team failed to roll out coronavirus testing for weeks",-1
Gov't puts pressure on public companies to return loans,-1
Fact check: Trump wrongly suggests sunlight could help cure coronavirus,1
Trump Signs Order Suspending Some Immigration During Coronavirus Pandemic,0
Republican group supports Biden in swing state TV ad. What is The Lincoln Project?,1
Research: U.S. Unemployment Rising Faster for Women and People of Color,-1
Trump Can’t Play Politics With Aid to States,1
READ: Statement from leader of federal vaccine agency about his reassignment,0
Harris County Judge Lina Hidalgo sued over face mask requirement,0
Do Most Republicans Agree With People Protesting Stay-At-Home Orders?,0
Joe Biden warns that Donald Trump may try to delay November election,-1
Spain is sending back faulty coronavirus tests to China that were supposed to be replacements for the first faulty batch,-1
Donald Trump initially downplayed coronavirus. Fox News followed suit,0
"Fifty Thousand Americans Dead from the Coronavirus, and a President Who Refuses to Mourn Them",-1
Cuomo tears into McConnell for suggesting states should declare bankruptcy,-1
"With lobbying push, gyms earn reopening rights in first phase of President Trump's plan",0
Trump hits CNN and Washington Post reporters as 'fake news' during briefing,-1
McConnell Holds Up COVID Aid as Trump Reportedly Plans to Extort States Into Reopening,0
Coronavirus pandemic may have slowed Biden's campaign hiring,0
The data is in — stop the panic and end the total isolation,-1
Trump ignores reality of coronavirus in US with focus on immigration,-1
Biden says he thinks Trump will try to delay the November election,-1
Cuomo says 21% of NYC infected with coronavirus in random test,-1
Five Points On The Murky Right-Wing Groups Fueling Anti-Public Health Protests,-1
How Progressives Can Get Behind Joe Biden Without Losing Their Credibility,1
"Rep. Jim Jordan, refusing to wear mask at contentious hearing, calls proposed coronavirus oversight subcommittee a Democratic plot to attack Trump",-1
Top vaccine doctor says his concern about Trump's coronavirus treatment theory led to ouster from federal agency,1
Cuomo's brush with stardom will fade — and rightly so,0
Rep. Collins sides with Trump in slamming Georgia governor's plan to reopen,0
Has The Coronavirus Made The Ultimate Case For Medicare For All?,0
Larry Summers reportedly advising Biden’s campaign on economic policy,0
"Las Vegas Mayor Proposes Casinos Reopen, Let the Free Market Decide Who Gets to Live | Carolyn Goodman thinks businesses should compete to see who can kill the fewest people.",-1
Pompeo warns U.S. may never restore WHO funding,-1
"Georgia reopens hair salons, gyms and bowling alleys despite rise in coronavirus deaths statewide",0
South Dakota governor Kristi Noem defends decision to keep state open,0
Lysol maker issues warning against injections of disinfectant after Trump comments,-1
Ex-WWE star Jesse Ventura shoots down rumors about running for president,0
Video shows top White House medic Deborah Birx's incredulity as Trump touts UV rays and disinfectant injections as possible coronavirus cures,0
What Happens if Oil Doesn’t Recover?,0
"Under Trump, coronavirus scientists and experts can speak — as long as they toe the line",0
New York Governor Cuomo Refers To Senate Majority Leader McConnell’s Comment That Financially Struggling States Could File For Bankruptcy As ‘One Of The Really Dumb Ideas Of All Time’,-1
"An ousted vaccine agency director offers an explosive, direct allegation: Trump is politicizing science",0
"How Republicans Became the Party of Death—People are disposable. So is income. For the ‘pro-life’ party, one is more important.",1
"Lysol, EPA warn against consuming, injecting cleaning products after president’s remarks",0
Biden Predicts Trump Will Try to Postpone US Election,-1
Mnuchin Weighs Lending Program for Struggling Oil Companies,-1
Miami-Dade County misses out on 1 million N95 masks when feds scoop up shipment,0
Top Dem Operative David Brock Accused of Illegally Profiting From His Political Empire By Conservative Group,1
Democratic senator calls for investigation into reassignment of key HHS official,0
How Can Axios Report on Trump Admin—And Take Their Money?,0
'It's overhyped': Trump mega-donor pushes to end Wisconsin's stay-at-home order,0
Trump says national parks to start reopening as states relax coronavirus restrictions,1
Bernie Sanders' ex-press secretary explains why she's not endorsing Joe Biden,0
"Misunderstanding the math, Trump embraced a coronavirus death toll we’ll soon surpass",-1
"Nevada governor condemns Las Vegas mayor's push to reopen city, says he won't allow Nevadans to be ""placebo""",-1
GOP senator warns Trump against sidelining watchdogs,0
Georgia state Democrats urge Kemp not to reopen businesses yet,0
"8 In 10 Americans Support COVID-19 Shutdown, Kaiser Health Poll Finds",1
President Trump Wondered Out Loud If Injecting Disinfectant Could Cure COVID-19,0
Jesse Ventura body-slams rumors he’s running for president,0
"Mark Kelly Sidesteps Self-Imposed Ban on Corporate PAC Money | Hauls in $21,500 from leadership PACs heavily funded by corporate PACs in first quarter",-1
"DeVos: Drops in history, geography scores 'stark and inexcusable'",0
"In No Rush to Approve Covid-19 Aid, McConnell Says He Will Start Confirming More Trump Judges 'As Soon As' Senate Returns",-1
Director of key federal vaccine agency says his departure was retaliation,0
Some Scientists Want To Infect People With The Coronavirus To Get A Vaccine Faster,0
Alyssa Milano Is Still Standing By Joe Biden Despite Criticism She Received From Other Activists,1
"Biden vs. Trump: Who’s the Actual Criminal Justice Reformer - Suddenly, both the Republican and Democrat promise big changes. We matched their policies head-to-head, and asked experts for a reality check.",1
Stuck indoors? The FBI invites you to download its home fitness app,0
The lessons from Trump’s reckless recommendation of hydroxychloroquine,-1
"Yale psychiatrist Bandy Lee: Lockdown protesters resemble “child soldiers” and “urban gangs”. Dr. Bandy X. Lee says Trump is ""practicing 'total authority' and putting his armed troops in the streets""",0
Washington county sheriff says he won't enforce governor's stay-at-home order,0
"Rep. Sherrill and Rep. Foster Lead Call to Department of Transportation, Environmental Protection Agency Urging Reconsideration of Fuel Efficiency Standards Rollback",1
New York's Cuomo to McConnell on State Bankruptcy: Watch the Market Tank,0
Biden Predicts Trump Will Try To Delay Election To Help Chances Of Winning,1
Doctors reject Trump idea of injecting disinfectant to treat COVID-19,0
"The GOP has reached its sad, inevitable destination",-1
Ex-Trump official Sondland's hotel chain gets loan through small-business relief package,1
Frontline: Coronavirus Pandemic,0
These states have attempted to ban abortion amid the coronavirus pandemic,-1
Is The Continuing Lockdown Medical...Or Political?,0
'Don't You Have a Bat to Eat?' New HHS Spokesman Made Racist Remarks About Chinese People on Twitter,-1
Michigan Legislature wants to create coronavirus committee to strip power from Whitmer,1
U.S. House looks set to pass $500 billion coronavirus bill and oversight panel,0
"I’m Major Garrett and I’ve covered 4 presidents as a correspondent for CBS, Fox and CNN, AMA",0
Donald Trump Is Exploiting the Coronavirus Pandemic to Sell Campaign Swag.,-1
"Usama bin Laden wanted to kill Obama so 'totally unprepared' Biden would be president, declassified docs show",-1
Trump claims the US coronavirus mortality rate is 'one of the lowest' in the world,-1
Pompeo: Annexation of occupied West Bank ultimately up to Israel,0
Trump summons CDC director to clarify remarks on second virus wave,0
Rick Scott says Americans would rather collect unemployment than go to work,-1
‘Sadness’ and Disbelief From a World Missing American Leadership,-1
Socialist Rent Restructuring Is Not the Answer | RealClearPolitics,0
"AOC Takes Brave, Lonely Stand Against 'Unconscionable' Covid-19 Relief Package That Doesn't Sufficiently Help Those Hurt the Most",0
Disinfectant firm warns after Trump comments,0
Donald Trump's incredibly dangerous obsession with playing doctor,-1
Trump Set to Sign Bill With Nearly $500 Billion More in Coronavirus Aid,0
Lysol maker says don't inject disinfectant after Trump remarks,0
"Federal bailout money bypasses hard-hit N.Y., California for North Dakota, Nebraska",0
"Fox News Stars Trumpeted a Malaria Drug, Until They Didn’t",0
Trump just mused about whether disinfectant injections could treat coronavirus. Really.,1
Meet the 3 Kentucky Democrats vying to take on Mitch McConnell in November,0
Cuomo: McConnell's bankruptcy idea 'really dumb',-1
Did Team Trump oust a top US vaccine official during a pandemic?,1
Kavanaugh sides with progressives in a Supreme Court environmental case,1
"Coronavirus batters the Navajo Nation, and it's about to get worse - The fear of what's ahead is based on precedent. During the swine flu epidemic of 2009, Native Americans died at four to five times the rate of other Americans",-1
Senate Intelligence Committee Drops a Bombshell on the Durham Investigation,1
Harvard won't 'seek or accept' federal stimulus money after calls from Trump to return cash,-1
Beaumont worker turned away 4 times with COVID-19 symptoms before dying,0
How Will Chief Justice And Supreme Court Conservative Majority Affect 2020 Election?,1
"Trump directs experts to see whether they can 'bring light inside the body' to kill the coronavirus, even as his own expert shuts him down",-1
Meghan McCain says her pick for President shouldn't be a surprise,-1
Immigrant rights group calls on San Mateo County sheriff to empty jails,-1
Hospital Workers Like Me Are Waging a War Against Coronavirus. Where Is Our GI Bill?,-1
Virus pushes US unemployment toward highest since Depression,-1
'It's irresponsible and it's dangerous': Experts rip Trump's idea of injecting disinfectant to treat COVID-19,0
"Mike Pence says 'we're past the peak' of coronavirus and hopes Americans ""will be able to enjoy a good summer""",1
U.S. Supreme Court eases path to deport immigrants for crimes,1
"Some U.S. states plan 'risky' reopenings, but appear to have White House support",1
Aligning America’s ends and means in the Indo-Pacific,0
WHO data leak shows no benefit from Gilead coronavirus drug,0
Las Vegas Mayor Embarrasses Herself During Absolutely Batshit Coronavirus CNN Interview,-1
Poll: Large majority of Americans think it's more important to stay home than return to work,1
FDA cautions against use of hydroxychloroquine or chloroquine for COVID-19 outside of the hospital setting or a clinical trial due to risk of heart rhythm problems,-1
"'Same Ideas, Every Disaster': Right-Wing Heritage Foundation Urges Universal School Voucher Program for Coronavirus Recovery",0
Democrats wreaked havoc in Wisconsin's elections — now they've set their sights on Nevada,-1
"Biden pitches mail-in votes for U.S. election, says Trump’s opposition is ‘un-American’",0
House to pass $484 billion coronavirus aid package,0
Trump reportedly threatened to fire a top doctor at the CDC for sounding the alarm about coronavirus in February,-1
Why Trump Will Win the Post-Pandemic Election He'll ride the voter backlash already building in the blue states.,1
"From Zoom To Facebook, The Pandemic Is Changing How People Engage With Their Local Government",1
MSNBC's Nicolle Wallace suggests 'silver lining' of coronavirus outbreak is it'll hurt Trump,-1
"Georgia Gov. Disregards Trump Criticism, Moves Ahead With Plans To Reopen Businesses",-1
A Joe Biden SCOTUS List Would Be Good News . . .,1
Georgia Democrat announces resignation days after endorsing Trump,-1
CDC director tries to walk back remarks on coronavirus,0
"Voters are turning against Trump because of his leadership in the pandemic | Independents, who make up a third of the electorate, want him to listen to experts.",0
GOP sounds alarm bell over coronavirus-fueled debt,-1
"US unemployment rate approaches 20%, economists say",-1
"COVID-19’s recent spread shifts to suburban, whiter, and more Republican-leaning areas",0
Another Whistleblower: Christine Blasey Ford’s Lawyers Are Representing Demoted Doctor Who ‘Resisted’ Hydroxychloroquine Push,0
Doctors struggle to stay true to science but not cross Trump,0
Maryland governor says he will unveil plan Friday to begin easing restrictions,1
"Trump plans to reopen U.S. national parks, details to come",0
China is becoming a defining issue in the clash between Biden and Trump,0
Biden leads in three crucial Midwestern states: Poll,0
GOP’S Response To Vote-By-Mail: More Voter Roll Purges,0
Rudy Giuliani may have said the dumbest thing yet uttered about the coronavirus,-1
"Researchers reviewed thousands of gun policy studies and teased out a consensus | The findings on stand-your-ground and child access prevention laws are conclusive, the report says",-1
"Nearly 3 million New Yorkers have had coronavirus, antibody study suggests",0
Lysol maker refutes Trump's suggestion that disinfectants may treat coronavirus,1
"As US governors rush to reopen businesses, “Excess death” counts begin to reveal true toll of pandemic",1
Here's Why Rep. Justin Amash Opposes the CARES Act,1
"Donors to top fundraising democrat in new york congressional race include John Negroponte, George W. Bush’s intelligence chief",1
US assesses Iran successfully launched a military satellite for the first time,1
“Back to work” campaign in the US will lead to surge in coronavirus deaths,0
Why we can’t build - America’s inability to act is killing people.,-1
Trust highest in governors to make best economic decisions: poll,1
Former labradoodle breeder initially led HHS coronavirus response,0
Undisclosed stock sales undermine freshman Democrat’s reelection bid,-1
Kushner-backed program chartering flights to address hospital shortages raises questions in Congress,0
Not A Joke: The Trump Admin Hired A Dog Breeder to Run Its Coronavirus Task Force,-1
Trump’s Idea to Inject Disinfectant to Kill Coronavirus Alarms Medical Experts,-1
"U.S. Democrats back 'scapegoat' WHO, as Trump administration keeps up attacks",-1
"Don't inject disinfectants, Lysol warns as Trump raises idea",0
"McConnell thinks bankruptcy, not more federal money, might be best for state and local governments",1
The Point: The Top 10 women Joe Biden might pick as vice president,1
Biden Will Fund-Raise With D.N.C. and His Appointee Will Lead the Committee,0
Far-Right Network OAN Gets A Big Boost From Trump's Coronavirus Briefings,1
'Cronyism Ahead of Science': Federal Doctor Says He Was Fired for Resisting Trump Promotion of Untested Covid-19 Treatments,-1
Lawyers for Ousted U.S. Health Official Say He Will File Whistleblower's Complaint,-1
"Eric Trump confirms he asked Trump administration for break on hotel rent: ""Just treat us the same""",1
Dr. Fauci says ‘we will have coronavirus in the fall’,0
"Pelosi Denies Downplaying Coronavirus by Inviting People to ‘Come to Chinatown’ in February, Claims She Was Fighting ‘Discrimination’",-1
Trump Defenders Scramble To Explain POTUS’ COVID Quackery,0
"The Pentagon Will Use AI to Predict Panic Buying, COVID-19 Hotspots| The prototype can predict trends in supply and demand and infection down to the zip code.",-1
Trump Casts Doubt on Reports of Poor Health of North Korea’s Kim,-1
Trump administration considers leveraging emergency coronavirus loan to force Postal Service changes,-1
"Probe Sought in Trump Administration’s Ouster of Key Scientist | Rick Bright says he was summarily removed from his job because he resisted political pressure to allow widespread use of hydroxychloroquine, a malaria drug favored by Trump",1
'You want to go to work? Go take a job as an essential worker’: Cuomo pushes back on coronavirus protesters,0
How Trump backed into the coronavirus success he talks about most often,1
"'The political honeymoon may be ending': After an unprecedented, bipartisan rescue effort, the next relief bill will be much harder to pass.",1
Gov. Stitt announces plan to reopen businesses in phases starting Friday,0
Judge tosses California ammunition purchase law,0
Trump suggests injecting disinfectant to treat coronavirus and touts power of sunlight to beat disease,1
"Despite warnings, Trump downplays threat of virus returning",-1
Haaland Part of Coalition Democratic Leaders of Color Urging Emergency Funding for Diverse Local Media Outlets During COVID19 Crisis,-1
Trump says he told Georgia governor he disagrees with reopening decision,-1
Democrats press General Services Administration over Trump hotel payments,0
"Fox News regular Anthony Tata to be tapped as Pentagon policy chief | If confirmed, Tata would oversee the Pentagon’s policy shop as the department reels from the coronavirus pandemic.",0
Polls show Trump trailing Biden in battlegrounds of Michigan and Pennsylvania,0
The Top COVID-Relief Recipient Hired Trump-Tied Lobbyists Weeks Before Getting Aid - The real estate investment firm Ashford Inc. turned to big time fundraisers for the president to help it stave off financial ruin.,0
Trump official overseeing pandemic readiness exits,1
Opinion | Bill Gates: Here are the innovations we need to reopen the economy,0
"Bankruptcy looms over U.S. energy industry, from oil fields to pipelines",0
Gov. Newsom has ordered autopsies dating back to December to understand 'when this pandemic really started to impact Californians',0
"No, Democrats aren’t pushing microchips to fight coronavirus",-1
